model,target,row,accuracy_mean,accuracy_std,macro_f1_mean,macro_f1_std,f1_cls3_mean,f1_cls20_mean,f1_cls100_mean,f1_cls3_std,f1_cls20_std,f1_cls100_std,f1_cls73_mean,f1_cls80_mean,f1_cls90_mean,f1_cls73_std,f1_cls80_std,f1_cls90_std,f1_cls0_mean,f1_cls1_mean,f1_cls2_mean,f1_cls0_std,f1_cls1_std,f1_cls2_std,f1_cls115_mean,f1_cls130_mean,f1_cls115_std,f1_cls130_std
RF,Cooler,Stratified,1.0,0.0,1.0,0.0,1.0,1.0,1.0,0.0,0.0,0.0,,,,,,,,,,,,,,,,
RF,Cooler,GroupKFold,1.0,0.0,1.0,0.0,1.0,1.0,1.0,0.0,0.0,0.0,,,,,,,,,,,,,,,,
RF,Cooler,Delta,0.0,0.0,0.0,0.0,0.0,0.0,0.0,,,,,,,,,,,,,,,,,,,
RF,Cooler,RelDrop%,0.0,0.0,0.0,0.0,0.0,0.0,0.0,,,,,,,,,,,,,,,,,,,
RF,Valve,Stratified,0.9841212265839399,0.007759269293780704,0.984098648417256,0.0077758900271135325,,,0.9824385400386136,,,0.008126129007616126,0.9931030518843462,0.9860133048646891,0.9748396968813756,0.00433220496402259,0.00995929848877229,0.014364485796681632,,,,,,,,,,
RF,Valve,GroupKFold,0.9385777353537763,0.022070474997187832,0.9381006438551331,0.021838705905976887,,,0.9473863628887733,,,0.03267559765088326,0.9837238247420901,0.9277802896523092,0.8935120981373601,0.013986434836492274,0.03700799855101235,0.041830806630097986,,,,,,,,,,
RF,Valve,Delta,0.045543491230163546,0.0,0.045998004562122885,0.0,,,0.035052177149840325,,,,0.009379227142256141,0.05823301521237989,0.08132759874401552,,,,,,,,,,,,,
RF,Valve,RelDrop%,4.627833441643477,0.0,4.674125367015017,0.0,,,3.5678748055285614,,,,0.9444364433740979,5.905905622680337,8.342663825056762,,,,,,,,,,,,,
RF,Pump_Leakage,Stratified,0.9937907170981983,0.00506661292960857,0.9937673743067847,0.005089201685133679,,,,,,,,,,,,,0.9969124485186661,0.9926913485840556,0.9916983258176325,0.0025210499089054835,0.00786459086284679,0.006213840528454056,,,,
RF,Pump_Leakage,GroupKFold,0.9875838205464742,0.006392254621112073,0.9877800898209742,0.006198302924047368,,,,,,,,,,,,,0.9969559974524426,0.9837678285361516,0.982616443474328,0.002504736488046355,0.00940628319500024,0.010942758469802425,,,,
RF,Pump_Leakage,Delta,0.006206896551724128,0.0,0.00598728448581054,0.0,,,,,,,,,,,,,-4.354893377644942e-05,0.008923520047903977,0.009081882343304537,,,,,,,
RF,Pump_Leakage,RelDrop%,0.6245677731673572,0.0,0.6024835027399694,0.0,,,,,,,,,,,,,-0.004368380978807088,0.898921911693117,0.9157908314322033,,,,,,,
RF,Accumulator,Stratified,0.9882687030187329,0.004675379312784945,0.9882664830420149,0.00469232163914747,,,0.9843932141584908,,,0.011599918868759433,,,0.9825433932304136,,,0.006698238884845919,,,,,,,0.9902865468674115,0.9958427779117434,0.007068297706649294,0.003394540343440416
RF,Accumulator,GroupKFold,0.8729793580718292,0.0392042062664417,0.8731039264130033,0.03750084419540455,,,0.8359453021466623,,,0.07175013993220437,,,0.8712086194266805,,,0.05606770662889623,,,,,,,0.8634280056959482,0.9218337783827215,0.04026504328248856,0.04174723177959217
RF,Accumulator,Delta,0.11528934494690368,0.0,0.11516255662901165,0.0,,,0.1484479120118285,,,,,,0.11133477380373313,,,,,,,,,,0.12685854117146322,0.07400899952902185,,
RF,Accumulator,RelDrop%,11.665789333887096,0.0,11.652986173782406,0.0,,,15.080143775546981,,,,,,11.331283134242632,,,,,,,,,,12.810286232076642,7.431795577632928,,
XGB,Cooler,Stratified,1.0,0.0,1.0,0.0,1.0,1.0,1.0,0.0,0.0,0.0,,,,,,,,,,,,,,,,
XGB,Cooler,GroupKFold,0.9993103448275862,0.0013793103448275891,0.9992958855628746,0.0014082288742507387,1.0,0.9988826815642458,0.9990049751243781,0.0,0.0022346368715083996,0.0019900497512437723,,,,,,,,,,,,,,,,
XGB,Cooler,Delta,0.0006896551724138167,0.0,0.0007041144371253694,0.0,0.0,0.0011173184357542443,0.0009950248756218638,,,,,,,,,,,,,,,,,,,
XGB,Cooler,RelDrop%,0.06896551724138167,0.0,0.07041144371253694,0.0,0.0,0.11173184357542443,0.09950248756218638,,,,,,,,,,,,,,,,,,,
XGB,Valve,Stratified,0.9841236129340174,0.004154700591711767,0.9841462189789153,0.004119200137212347,,,0.986370957472548,,,0.00751242584380919,0.9902679313024141,0.9832912839452075,0.9766547031954916,0.0033942122136171936,0.007131020142357975,0.007953478549162642,,,,,,,,,,
XGB,Valve,GroupKFold,0.9413649922443621,0.031055303261864283,0.9409326470893078,0.03190186684285915,,,0.962548747741657,,,0.03334921974586747,0.9736547140802461,0.9137274509473319,0.9137996755879968,0.027436192571378592,0.06073181571535681,0.031382954778489174,,,,,,,,,,
XGB,Valve,Delta,0.0427586206896553,0.0,0.043213571889607505,0.0,,,0.023822209730890997,,,,0.01661321722216802,0.06956383299787561,0.06285502760749484,,,,,,,,,,,,,
XGB,Valve,RelDrop%,4.344842469756098,0.0,4.390970676536565,0.0,,,2.4151369776673497,,,,1.677648714759256,7.074590625757235,6.435747189036317,,,,,,,,,,,,,
XGB,Pump_Leakage,Stratified,0.9917169788808018,0.006014754540607271,0.9916672872760024,0.006056500987077647,,,,,,,,,,,,,0.9989637305699481,0.9884773582400342,0.9875607730180246,0.0020725388601036347,0.009174710147829912,0.008905914437643637,,,,
XGB,Pump_Leakage,GroupKFold,0.9765469514377759,0.014361860107564284,0.9764268910518282,0.014662060459851306,,,,,,,,,,,,,0.9958755136903946,0.9675668799041113,0.9658382795609791,0.0040543728411314055,0.01925318888251784,0.024752055627558344,,,,
XGB,Pump_Leakage,Delta,0.015170027443025869,0.0,0.015240396224174169,0.0,,,,,,,,,,,,,0.003088216879553518,0.020910478335922966,0.021722493457045466,,,,,,,
XGB,Pump_Leakage,RelDrop%,1.529673058552042,0.0,1.5368457162722196,0.0,,,,,,,,,,,,,0.3091420424034383,2.1154230960994074,2.1996108037645796,,,,,,,
XGB,Accumulator,Stratified,0.9848132681064312,0.006025467316677125,0.9848082353383812,0.006019403180455798,,,0.9803135977366342,,,0.012208679254320912,,,0.9852648569193185,,,0.00975660743074253,,,,,,,0.9820270776272302,0.9916274090703425,0.011165259535868634,0.005239040967624354
XGB,Accumulator,GroupKFold,0.9116501610786301,0.021052433402115104,0.9113553578047522,0.02060919136382436,,,0.9097814028248811,,,0.058786975811416335,,,0.9175397876013358,,,0.03955602382525745,,,,,,,0.8866784026415889,0.9314218381512032,0.02887891517553544,0.04085992858912718
XGB,Accumulator,Delta,0.07316310702780116,0.0,0.07345287753362906,0.0,,,0.07053219491175311,,,,,,0.06772506931798272,,,,,,,,,,0.09534867498564126,0.06020557091913936,,
XGB,Accumulator,RelDrop%,7.429134983982998,0.0,7.458597003749726,0.0,,,7.194860407383834,,,,,,6.8737932589763115,,,,,,,,,,9.709373311377762,6.071390359770561,,
